text,label
python pandas numpy machine learning statistics,Data Scientist
deep learning tensorflow keras python,Data Scientist
data analysis pandas visualization python,Data Scientist
machine learning scikit-learn python data analysis,Data Scientist
nlp text processing python nltk spacy,Data Scientist
data preprocessing feature engineering python,Data Scientist
python regression classification models sklearn,Data Scientist
statistics probability python data science,Data Scientist
data visualization matplotlib seaborn python,Data Scientist
predictive modeling machine learning python,Data Scientist
python data analysis sql excel dashboards,Data Scientist
python pandas sql data cleaning,Data Scientist
data science python machine learning sql,Data Scientist
python numpy pandas data modeling,Data Scientist
data analysis python statistics visualization,Data Scientist
python ml data pipelines pandas,Data Scientist
sql data analysis python pandas,Data Scientist
python analytics machine learning projects,Data Scientist
python data mining machine learning,Data Scientist
data science python ml statistics,Data Scientist

react javascript html css frontend ui,Frontend Developer
frontend development react redux javascript,Frontend Developer
html css responsive design frontend,Frontend Developer
javascript react hooks ui development,Frontend Developer
frontend ui ux react javascript css,Frontend Developer
web development frontend html css javascript,Frontend Developer
react component design frontend javascript,Frontend Developer
frontend performance optimization react js,Frontend Developer
ui development react bootstrap css,Frontend Developer
frontend javascript react material ui,Frontend Developer
react frontend api integration javascript,Frontend Developer
html css javascript website development,Frontend Developer
frontend react design responsive ui,Frontend Developer
javascript frontend ui development react,Frontend Developer
frontend developer react js css html,Frontend Developer
web frontend react javascript css html,Frontend Developer
react js frontend performance ui,Frontend Developer
frontend development html css bootstrap,Frontend Developer
javascript react ui components frontend,Frontend Developer
frontend react app development javascript,Frontend Developer

nodejs express backend api sql mongodb,Backend Developer
backend development nodejs database api,Backend Developer
server side development nodejs express,Backend Developer
rest api development nodejs express mongodb,Backend Developer
backend services nodejs authentication api,Backend Developer
database management sql backend nodejs,Backend Developer
backend system design nodejs api,Backend Developer
nodejs microservices backend development,Backend Developer
backend logic implementation nodejs express,Backend Developer
server development nodejs rest api,Backend Developer
nodejs backend api integration python,Backend Developer
backend flask api python sql,Backend Developer
nodejs express backend sql api development,Backend Developer
backend developer nodejs mongodb api,Backend Developer
server backend development nodejs express,Backend Developer
backend api nodejs sql database design,Backend Developer
nodejs backend microservices api system,Backend Developer
backend development express nodejs api sql,Backend Developer
server backend nodejs rest api mongodb,Backend Developer
backend application nodejs api express,Backend Developer

tensorflow pytorch ml deployment docker kubernetes,ML Engineer
machine learning model deployment mlops docker,ML Engineer
deep learning pytorch tensorflow model training,ML Engineer
ml pipeline deployment docker kubernetes,ML Engineer
model serving fastapi ml deployment,ML Engineer
mlops pipeline airflow docker kubernetes,ML Engineer
production ml systems deployment,ML Engineer
scalable machine learning systems docker,ML Engineer
ml model optimization deployment pipeline,ML Engineer
deep learning deployment tensorflow serving,ML Engineer
ml engineer python deployment docker api,ML Engineer
machine learning deployment fastapi docker,ML Engineer
ml pipeline kubernetes docker deployment,ML Engineer
deep learning model deployment production,ML Engineer
mlops system design docker kubernetes,ML Engineer
ml engineer model serving api deployment,ML Engineer
machine learning system deployment pipeline,ML Engineer
ml engineer docker kubernetes python,ML Engineer
ml deployment api fastapi docker,ML Engineer
deep learning deployment mlops systems,ML Engineer